"System","Aquatic_Type","Landcover","F","R2","p","p_adj","Signif"
"Lake Tundra","Lake","Tundra",7.45286154760925,0.788423855577804,0.333333333333333,0.444444444444444," "
"Stream Tundra","Stream","Tundra",0.602168221064571,0.130844461162543,0.6,0.6," "
"Stream Forest","Stream","Forest",1.78053659728316,0.0817489775483887,0.117,0.444444444444444," "
"Stream Peatland","Stream","Peatland",1.36032898324184,0.119743801895925,0.244,0.444444444444444," "
