"Model","F_stat","R2","p_value","Signif"
"Landcover",2.54994903471071,0.131477970142329,0.01,"**"
"Aquatic Type",1.68909497557768,0.0435457289035103,0.133,""
